{
  "BM25 sparse only": {
    "P@5": [
      0.894,
      0.8559999999999997,
      0.9259999999999997
    ],
    "R@10": [
      0.9347698412698412,
      0.9066349206349206,
      0.959666666666667
    ],
    "NDCG@10": [
      0.9195243587126282,
      0.8908807589739606,
      0.9451666023197772
    ],
    "MRR@10": [
      0.94,
      0.91,
      0.97
    ]
  },
  "Dense CLIP only": {
    "P@5": [
      0.654,
      0.592,
      0.7199999999999998
    ],
    "R@10": [
      0.6458888888888888,
      0.5897777777777776,
      0.7025674603174599
    ],
    "NDCG@10": [
      0.6610323867353233,
      0.6062658066119613,
      0.7157921759961112
    ],
    "MRR@10": [
      0.8127896825396825,
      0.748984126984127,
      0.8703333333333333
    ]
  },
  "Hybrid RRF": {
    "P@5": [
      0.8059999999999999,
      0.7640000000000002,
      0.8439999999999996
    ],
    "R@10": [
      0.8623492063492064,
      0.8261984126984129,
      0.895357142857143
    ],
    "NDCG@10": [
      0.847881964977548,
      0.8131303719677746,
      0.8803999138040985
    ],
    "MRR@10": [
      0.9458333333333333,
      0.9133333333333334,
      0.9766666666666667
    ]
  },
  "Hybrid + cross-encoder rerank": {
    "P@5": [
      0.934,
      0.9039999999999998,
      0.9599999999999997
    ],
    "R@10": [
      0.9606269841269841,
      0.9382777777777779,
      0.9789444444444445
    ],
    "NDCG@10": [
      0.9547479934834522,
      0.9325963460367385,
      0.9727774765670014
    ],
    "MRR@10": [
      0.9783333333333333,
      0.9533333333333333,
      0.995
    ]
  }
}